date,open,high,low,close
11/05/2021,13.82,14.35,13.75,14.31
12/05/2021,14.01,14.26,13.71,13.76
13/05/2021,14.03,14.08,13.46,13.67
14/05/2021,13.89,14.33,13.75,14.24
17/05/2021,14.16,14.17,13.85,14.17
18/05/2021,14.27,14.4,14,14.02
19/05/2021,13.57,14.08,13.54,14.07
20/05/2021,14.3,14.68,14.27,14.61
21/05/2021,15.16,15.22,14.87,14.99
24/05/2021,15.21,15.74,15.18,15.61
25/05/2021,15.77,15.82,15.48,15.65
26/05/2021,15.73,15.79,15.59,15.7
27/05/2021,15.7,15.75,15.46,15.49
28/05/2021,15.5,16.28,15.5,16.24
01/06/2021,16.27,16.39,15.9,16.26
02/06/2021,16.25,16.92,16.24,16.78
03/06/2021,16.7,17.26,16.58,16.97
04/06/2021,17.11,17.66,17.1,17.58
07/06/2021,17.57,17.81,17.19,17.62
08/06/2021,17.53,17.62,17.25,17.46
09/06/2021,17.52,17.58,17.26,17.36
10/06/2021,17.35,17.49,17.18,17.42
11/06/2021,17.48,17.94,17.44,17.83
14/06/2021,17.91,18.04,17.66,18.02
15/06/2021,17.92,18.02,17.73,17.79
16/06/2021,17.79,17.95,17.58,17.81
17/06/2021,17.77,18.83,17.76,18.66
18/06/2021,18.78,19.38,18.58,18.64
21/06/2021,18.44,18.54,17.82,18.43
22/06/2021,18.47,18.96,18.39,18.89
23/06/2021,19.01,19.15,18.91,19.06
24/06/2021,19.23,19.42,19.09,19.21
25/06/2021,19.28,19.35,18.89,19.03
28/06/2021,19.36,20.08,19.32,19.99
29/06/2021,19.88,20.1,19.66,20.03
30/06/2021,20,20.16,19.86,20
01/07/2021,20.13,20.46,20.02,20.21
02/07/2021,20.44,20.51,20.29,20.49
06/07/2021,20.74,20.84,20.35,20.7
07/07/2021,20.85,20.88,20.33,20.37
08/07/2021,19.86,20.13,19.7,19.9
09/07/2021,19.96,20.08,19.75,20.05
12/07/2021,20.24,20.53,20.19,20.51
13/07/2021,20.4,20.46,20.11,20.25
14/07/2021,20.36,20.42,19.75,19.84
15/07/2021,19.81,19.85,18.86,18.97
16/07/2021,19.03,19.16,18.07,18.16
19/07/2021,17.92,19.04,17.87,18.78
20/07/2021,18.73,18.84,18.16,18.61
21/07/2021,18.88,19.53,18.74,19.41
22/07/2021,19.64,19.89,19.28,19.59
23/07/2021,19.66,19.7,19.25,19.56
26/07/2021,19.31,19.44,18.91,19.29
27/07/2021,19.26,19.62,18.74,19.21
28/07/2021,19.32,19.65,19,19.5
29/07/2021,19.52,19.85,19.33,19.66
30/07/2021,19.42,19.63,19.26,19.5
02/08/2021,19.7,19.96,19.36,19.75
03/08/2021,19.74,20.22,19.22,19.82
04/08/2021,19.99,20.32,19.83,20.27
05/08/2021,20.5,20.73,20.34,20.64
06/08/2021,20.52,20.57,20.21,20.37
09/08/2021,20.45,20.51,20.14,20.3
10/08/2021,20.32,20.43,19.83,19.94
11/08/2021,20.04,20.05,19.43,19.7
12/08/2021,19.87,20.03,19.62,19.91
13/08/2021,19.91,20.21,19.85,20.19
16/08/2021,20.14,20.29,19.45,19.95
17/08/2021,19.68,19.77,19.27,19.46
18/08/2021,19.5,19.63,19,19.04
19/08/2021,19.49,20.5,18.76,19.8
20/08/2021,19.99,20.86,19.93,20.82
23/08/2021,20.97,22,20.95,21.96
24/08/2021,21.75,21.96,21.53,21.79
25/08/2021,21.74,22.47,21.72,22.21
26/08/2021,22.2,22.34,21.79,22.07
27/08/2021,22.18,22.72,22.17,22.64
30/08/2021,22.83,23.04,22.55,22.69
31/08/2021,22.69,22.69,22.12,22.39
01/09/2021,22.49,22.7,22.36,22.44
02/09/2021,22.52,22.59,22.3,22.4
03/09/2021,22.33,22.99,22.2,22.84
07/09/2021,22.83,22.9,22.52,22.66
08/09/2021,22.51,22.61,21.98,22.34
09/09/2021,22.31,22.54,22.13,22.18
10/09/2021,22.35,22.63,22.27,22.48
13/09/2021,22.68,22.96,21.86,22.15
14/09/2021,22.27,22.41,22.09,22.24
15/09/2021,22.31,22.37,21.97,22.34
16/09/2021,22.18,22.28,21.93,22.24
17/09/2021,22.3,22.32,21.83,21.9
20/09/2021,21.15,21.43,20.66,21.11
21/09/2021,21.42,21.42,20.95,21.25
22/09/2021,21.37,21.96,21.2,21.94
23/09/2021,22.14,22.53,21.89,22.48
24/09/2021,22.07,22.15,21.86,22.08
27/09/2021,21.71,21.8,21.33,21.66
28/09/2021,21.21,21.42,20.65,20.7
29/09/2021,20.94,21.02,20.47,20.52
30/09/2021,20.77,21.07,20.69,20.72
01/10/2021,20.75,20.86,20.2,20.74
04/10/2021,20.5,20.54,19.56,19.73
05/10/2021,19.95,20.65,19.85,20.45
06/10/2021,20.12,20.72,20.08,20.7
07/10/2021,21.09,21.32,20.97,21.08
08/10/2021,21.1,21.21,20.77,20.83
11/10/2021,20.58,21.06,20.51,20.69
12/10/2021,20.83,21.06,20.53,20.67
13/10/2021,20.92,20.99,20.71,20.94
14/10/2021,21.29,21.75,21.12,21.75
15/10/2021,21.81,21.93,21.66,21.86
18/10/2021,21.75,22.29,21.64,22.22
19/10/2021,22.28,22.38,22.04,22.29
20/10/2021,22.31,22.43,21.98,22.1
21/10/2021,22.1,22.71,22.08,22.69
22/10/2021,22.82,23.13,22.56,22.73
25/10/2021,22.97,23.35,22.77,23.17
26/10/2021,23.99,25.26,23.92,24.72
27/10/2021,24.47,25.09,24.28,24.45
28/10/2021,24.88,24.95,24.52,24.94
29/10/2021,25,25.71,25,25.57
01/11/2021,25.65,25.89,25.23,25.83
02/11/2021,25.82,26.68,25.8,26.4
03/11/2021,26.67,26.78,26.24,26.6
04/11/2021,27.23,31.36,27.12,29.8
05/11/2021,30.19,31.4,29.41,29.75
08/11/2021,30.15,31.1,29.91,30.8
09/11/2021,32.28,32.31,29.96,30.66
10/11/2021,29.36,30.85,28.78,29.46
11/11/2021,30.47,30.59,29.78,30.39
12/11/2021,30.01,30.68,29.63,30.39
15/11/2021,30.55,30.64,29.25,30.02
16/11/2021,29.76,30.39,29.71,30.2
17/11/2021,30.42,30.51,28.8,29.26
18/11/2021,32.37,32.76,31.32,31.67
19/11/2021,32.24,33.09,31.91,32.99
22/11/2021,33.52,34.65,31.9,31.96
23/11/2021,31.53,32.36,30.88,31.75
24/11/2021,31.46,32.85,30.93,32.67
26/11/2021,32.6,32.71,31.35,31.5
29/11/2021,32.37,33.41,32.04,33.38
30/11/2021,33.17,33.35,31.86,32.68
01/12/2021,33.22,33.29,31.38,31.43
02/12/2021,31.21,32.48,31.02,32.13
03/12/2021,32,32.13,30.13,30.69
06/12/2021,29.88,30.24,28.04,30.04
07/12/2021,30.96,32.45,30.65,32.43
08/12/2021,32,32.29,31.42,31.83
09/12/2021,31.73,32.21,30.43,30.49
10/12/2021,31.15,31.31,29.86,30.2
13/12/2021,30.25,30.29,28.12,28.16
14/12/2021,27.7,28.68,27.25,28.34
15/12/2021,28.4,30.5,27.84,30.46
16/12/2021,31.15,31.16,28.09,28.39
17/12/2021,27.99,28.92,27.76,27.8
20/12/2021,27.31,28.14,27.15,27.72
21/12/2021,28.37,29.12,27.4,29.08
22/12/2021,28.89,29.56,28.45,29.4
23/12/2021,29.75,30.06,29.43,29.64
27/12/2021,29.66,31.09,29.64,30.94
28/12/2021,31.31,31.33,30.01,30.32
29/12/2021,30.27,30.55,29.37,30
30/12/2021,29.83,30.46,29.54,29.59
31/12/2021,29.67,30.03,29.33,29.41
03/01/2022,29.82,30.71,29.78,30.12
04/01/2022,30.28,30.47,28.35,29.29
05/01/2022,28.95,29.42,27.53,27.6
06/01/2022,27.64,28.44,27.07,28.18
07/01/2022,28.14,28.42,27.06,27.25
10/01/2022,26.58,27.47,25.64,27.4
11/01/2022,27.32,28.07,26.84,27.82
12/01/2022,28.07,28.59,27.61,28
13/01/2022,28.38,28.48,26.5,26.58
14/01/2022,26.3,27.2,26.21,26.94
18/01/2022,26.26,26.64,25.77,25.9
19/01/2022,26.08,26.54,25.05,25.07
20/01/2022,25.3,25.58,24.08,24.15
21/01/2022,23.51,24.82,23.26,23.37
24/01/2022,22.33,23.38,20.89,23.37
25/01/2022,22.55,22.94,22,22.32
26/01/2022,23.24,24.06,22.3,22.77
27/01/2022,23.57,24,21.67,21.94
28/01/2022,22.01,22.86,21.3,22.84
31/01/2022,23.18,24.51,23.05,24.49
01/02/2022,25.1,25.15,23.89,24.64
02/02/2022,25.79,25.82,24.55,25.24
03/02/2022,24.46,25.08,23.78,23.95
04/02/2022,23.97,24.64,23.63,24.32
07/02/2022,24.37,25.18,24.2,24.73
08/02/2022,24.36,25.23,23.98,25.11
09/02/2022,25.62,26.73,25.35,26.7
10/02/2022,26,26.92,25.6,25.82
11/02/2022,25.92,26.15,23.77,23.95
14/02/2022,23.93,24.88,23.75,24.27
15/02/2022,24.95,26.55,24.78,26.5
16/02/2022,26.26,26.58,25.55,26.51
17/02/2022,25.63,25.78,24.17,24.51
18/02/2022,24.67,24.99,23.1,23.64
22/02/2022,23.03,24.06,23,23.39
23/02/2022,23.8,24.16,22.3,22.39
24/02/2022,21.01,23.8,20.89,23.75
25/02/2022,23.72,24.22,23.38,24.16
28/02/2022,23.99,24.67,23.71,24.39
01/03/2022,24.29,24.38,23.13,23.48
02/03/2022,23.76,24.41,23.42,24.22
03/03/2022,24.26,24.33,23.47,23.71
04/03/2022,23.38,23.68,22.48,22.94
07/03/2022,22.82,23.03,21.33,21.35
08/03/2022,21.31,22.37,20.65,21.51
09/03/2022,22.39,23.22,22.25,23.01
10/03/2022,22.53,22.79,21.88,22.66
11/03/2022,23.02,23.15,22.05,22.1
14/03/2022,21.87,22.26,21.16,21.33
15/03/2022,21.52,23.04,21.32,22.97
16/03/2022,23.5,24.6,23.17,24.5
17/03/2022,24.12,24.84,23.91,24.77
18/03/2022,24.8,26.57,24.62,26.45
21/03/2022,26.51,27.15,25.97,26.73
22/03/2022,26.73,27.24,26.07,26.52
23/03/2022,26.13,26.61,25.58,25.63
24/03/2022,26.17,28.32,25.91,28.15
25/03/2022,27.89,28.36,27.27,27.69
28/03/2022,27.76,28.25,27.21,28.22
29/03/2022,28.69,28.95,27.98,28.66
30/03/2022,28.3,28.5,27.5,27.69
31/03/2022,27.78,28.25,27.27,27.29
01/04/2022,27.38,27.5,26.27,26.71
04/04/2022,26.73,27.56,26.61,27.36
05/04/2022,27.25,27.32,25.82,25.93
06/04/2022,24.93,25.3,24,24.41
07/04/2022,24.44,24.72,23.48,24.21
08/04/2022,23.92,23.92,23.06,23.12
11/04/2022,22.21,22.32,21.66,21.92
12/04/2022,22.54,22.73,21.28,21.5
13/04/2022,21.73,22.5,21.45,22.2
14/04/2022,22.5,22.78,21.16,21.26
18/04/2022,21.2,22.09,21.08,21.78
19/04/2022,21.72,22.37,21.31,22.2
20/04/2022,22.52,22.67,21.2,21.48
21/04/2022,21.71,22.39,20,20.18
22/04/2022,20.3,20.49,19.5,19.51
25/04/2022,19.2,19.94,19.1,19.9
26/04/2022,19.72,19.79,18.67,18.79
27/04/2022,18.6,19.17,18.29,18.42
28/04/2022,18.97,20.04,18.49,19.78
29/04/2022,19.4,20.13,18.52,18.55
02/05/2022,18.54,19.57,18.39,19.53
03/05/2022,19.4,19.83,19.13,19.6
04/05/2022,19.92,20.4,18.75,20.33
05/05/2022,19.87,19.92,18.5,18.84
06/05/2022,18.74,19.51,17.99,18.67
09/05/2022,18.03,18.25,16.83,16.95
10/05/2022,17.69,18.2,17.02,17.59
11/05/2022,17.35,17.75,16.57,16.63
12/05/2022,16.22,16.79,15.57,16.17
13/05/2022,16.79,17.93,16.59,17.71
16/05/2022,17.51,17.79,17.11,17.26
17/05/2022,18.07,18.37,17.63,18.18
18/05/2022,17.7,18.12,16.86,16.94
19/05/2022,16.94,17.69,16.73,17.12
20/05/2022,17.33,17.41,15.76,16.69
23/05/2022,16.27,16.92,16.18,16.9
24/05/2022,16.51,16.6,15.78,16.15
25/05/2022,16.02,17.11,16,16.98
26/05/2022,16.04,18.09,16.02,17.85
27/05/2022,18.19,18.88,18.1,18.81
31/05/2022,18.98,19.2,18.35,18.67
01/06/2022,18.72,19.05,18.12,18.32
02/06/2022,18.29,19.62,18.2,19.59
03/06/2022,19.08,19.33,18.52,18.72
06/06/2022,19.14,19.34,18.56,18.79
07/06/2022,18.47,19,18.19,18.93
08/06/2022,18.8,19.18,18.53,18.65
09/06/2022,18.48,18.93,18.04,18.05
10/06/2022,17.6,17.7,16.87,16.97
13/06/2022,16,16.31,15.61,15.65
14/06/2022,15.73,16.07,15.41,15.84
15/06/2022,16.09,16.87,15.93,16.53
16/06/2022,15.86,15.94,15.4,15.6
17/06/2022,15.65,15.99,15.33,15.88
21/06/2022,16.48,17.01,16.41,16.57
22/06/2022,16.23,16.66,16.18,16.36
23/06/2022,16.52,16.58,15.85,16.23
24/06/2022,16.5,17.14,16.31,17.13
27/06/2022,17.31,17.33,16.63,16.87
28/06/2022,16.9,17.2,15.94,15.98
29/06/2022,15.81,15.82,15.17,15.54
30/06/2022,15.36,15.57,14.86,15.16
01/07/2022,14.9,15.06,14.39,14.52
05/07/2022,14.18,14.97,14.06,14.96
06/07/2022,15.01,15.32,14.79,15.13
07/07/2022,15.46,15.94,15.39,15.86
08/07/2022,15.43,16.04,15.39,15.84
11/07/2022,15.53,15.53,15.04,15.15
12/07/2022,15.27,15.43,14.88,15.08
13/07/2022,14.59,15.38,14.47,15.16
14/07/2022,15.11,15.47,14.73,15.37
15/07/2022,15.66,15.78,15.44,15.76
18/07/2022,16.3,16.9,16,16.1
19/07/2022,16.49,17.11,16.17,16.99
20/07/2022,16.95,17.93,16.8,17.81
21/07/2022,17.89,18.14,17.55,18.05
22/07/2022,17.89,17.97,17.14,17.32
25/07/2022,17.02,17.12,16.65,17.02
26/07/2022,16.89,16.92,16.48,16.53
27/07/2022,17.03,17.94,16.91,17.79
28/07/2022,17.98,18.14,17.44,17.98
29/07/2022,17.81,18.24,17.69,18.16
01/08/2022,18.18,18.85,17.99,18.44
02/08/2022,18.12,18.94,18.09,18.53
03/08/2022,18.18,18.97,18.14,18.89
04/08/2022,18.85,19.27,18.76,19.22
05/08/2022,18.81,19.23,18.67,18.99
08/08/2022,17.5,18.24,17.24,17.79
09/08/2022,17.25,17.45,16.72,17.09
10/08/2022,17.7,18.12,17.32,18.1
11/08/2022,18.13,18.71,17.88,17.94
12/08/2022,18.16,18.72,17.95,18.71
15/08/2022,18.7,19.16,18.61,19.03
16/08/2022,18.92,19.14,18.5,18.88
17/08/2022,18.52,18.69,18.15,18.33
18/08/2022,18.3,18.86,18.18,18.77
19/08/2022,18.41,18.52,17.77,17.85
22/08/2022,17.49,17.56,16.97,17.03
23/08/2022,16.99,17.47,16.97,17.18
24/08/2022,17.01,17.41,16.9,17.22
25/08/2022,16.84,17.95,16.83,17.91
26/08/2022,17.86,17.92,16.24,16.26
29/08/2022,16.02,16.34,15.77,15.8
30/08/2022,15.96,16.04,15.18,15.47
31/08/2022,15.38,15.54,14.96,15.09
01/09/2022,14.21,14.38,13.27,13.94
02/09/2022,14.1,14.17,13.59,13.65
06/09/2022,13.73,13.78,13.35,13.47
07/09/2022,13.56,13.84,13.35,13.71
08/09/2022,13.46,14.01,13.37,13.99
09/09/2022,14.16,14.47,14.13,14.39
12/09/2022,14.37,14.55,14.2,14.51
13/09/2022,13.8,13.92,13.1,13.13
14/09/2022,13.25,13.29,12.91,13.13
15/09/2022,13.02,13.23,12.79,12.93
16/09/2022,12.74,13.21,12.62,13.2
19/09/2022,13.01,13.46,13.01,13.38
20/09/2022,13.22,13.48,13.06,13.18
21/09/2022,13.21,14.03,13.11,13.26
22/09/2022,13.07,13.15,12.43,12.56
23/09/2022,12.42,12.61,12.26,12.52
26/09/2022,12.49,12.66,12.21,12.23
27/09/2022,12.51,12.74,12.26,12.41
28/09/2022,12.41,12.82,12.35,12.74
29/09/2022,12.45,12.5,11.95,12.22
30/09/2022,12.09,12.63,12.07,12.14
03/10/2022,12.35,12.68,12.1,12.51
04/10/2022,12.88,13.22,12.88,13.17
05/10/2022,12.91,13.32,12.62,13.21
06/10/2022,13.22,13.66,13.1,13.13
07/10/2022,12.51,12.67,12.02,12.08
10/10/2022,12.04,12.12,11.41,11.67
11/10/2022,11.56,11.85,11.28,11.59
12/10/2022,11.58,11.73,11.35,11.5
13/10/2022,10.97,12.08,10.81,11.96
14/10/2022,12.06,12.11,11.2,11.23
17/10/2022,11.52,11.95,11.52,11.89
18/10/2022,12.34,12.49,11.62,11.97
19/10/2022,11.88,12.35,11.83,12.05
20/10/2022,12.11,12.77,12.1,12.19
21/10/2022,12.1,12.5,11.89,12.47
24/10/2022,12.51,12.71,12.06,12.6
25/10/2022,12.69,13.3,12.66,13.26
26/10/2022,12.87,13.39,12.71,12.9
27/10/2022,13.63,13.84,13.12,13.18
28/10/2022,13.1,13.85,13.06,13.83
31/10/2022,13.78,13.84,13.3,13.5
01/11/2022,13.81,13.93,13.52,13.54
02/11/2022,13.85,14.21,13.21,13.22
03/11/2022,13.04,13.78,12.96,13.42
04/11/2022,13.99,14.23,13.7,14.16
07/11/2022,14.23,14.41,13.95,14.3
08/11/2022,14.8,14.89,14.22,14.6
09/11/2022,14.16,14.21,13.76,13.78
10/11/2022,14.8,15.77,14.55,15.75
11/11/2022,15.81,16.39,15.48,16.33
14/11/2022,16.22,16.54,15.92,16.3
15/11/2022,16.72,17,16.38,16.67
16/11/2022,16.16,16.36,15.87,15.91
17/11/2022,15.72,16.27,15.53,15.68
18/11/2022,15.97,16,15.12,15.41
21/11/2022,15.15,15.48,15.08,15.32
22/11/2022,15.33,16.06,15.12,16.04
23/11/2022,16.1,16.53,16.05,16.52
25/11/2022,16.32,16.49,16.17,16.27
28/11/2022,16.03,16.36,15.73,15.83
29/11/2022,15.83,15.93,15.52,15.64
30/11/2022,15.7,16.93,15.6,16.92
01/12/2022,17,17.26,16.64,17.14
02/12/2022,16.66,16.93,16.44,16.88
05/12/2022,16.68,17,16.47,16.61
06/12/2022,16.53,16.57,15.82,15.99
07/12/2022,15.77,16.19,15.67,16.12
08/12/2022,16.27,17.18,15.96,17.17
09/12/2022,17.16,17.58,16.98,17
12/12/2022,17.04,17.54,16.8,17.53
13/12/2022,18.53,18.79,17.71,18.07
14/12/2022,17.99,18.25,17.42,17.67
15/12/2022,17.15,17.32,16.7,16.95
16/12/2022,16.86,17.04,16.41,16.57
19/12/2022,16.57,16.61,16.15,16.25
20/12/2022,16.06,16.31,15.85,16.08
21/12/2022,16.11,16.63,16.1,16.5
22/12/2022,16.09,16.14,14.88,15.34
23/12/2022,15.2,15.34,14.88,15.21
27/12/2022,15.07,15.1,14.06,14.12
28/12/2022,13.93,14.26,13.88,14.04
29/12/2022,14.4,14.68,14.23,14.6
30/12/2022,14.33,14.63,14.23,14.61
03/01/2023,14.85,15,14.1,14.31
04/01/2023,14.57,14.85,14.24,14.75
05/01/2023,14.49,14.56,14.15,14.27
06/01/2023,14.47,15.01,14.03,14.86
09/01/2023,15.28,16.06,15.14,15.63
10/01/2023,15.51,15.96,15.47,15.91
11/01/2023,15.84,16.03,15.56,16
12/01/2023,16.1,16.64,15.49,16.51
13/01/2023,16.28,16.92,16.17,16.9
17/01/2023,16.9,17.73,16.9,17.7
18/01/2023,17.67,17.87,17.28,17.38
19/01/2023,17.04,17.2,16.73,16.76
20/01/2023,17.01,17.86,16.83,17.84
23/01/2023,18.06,19.25,17.82,19.19
24/01/2023,18.83,19.5,18.82,19.26
25/01/2023,18.91,19.37,18.58,19.32
26/01/2023,19.7,20.17,19.28,19.8
27/01/2023,19.46,20.63,19.41,20.36
30/01/2023,19.95,20.14,19.15,19.16
31/01/2023,19.17,19.69,18.95,19.54
01/02/2023,19.69,21.19,19.61,20.94
02/02/2023,21,21.95,20.7,21.71
03/02/2023,21,21.75,20.79,21.1
06/02/2023,20.81,21.57,20.79,21.09
07/02/2023,21.38,22.26,21.15,22.17
08/02/2023,22.39,22.88,22.01,22.2
09/02/2023,22.61,23.02,22.12,22.34
10/02/2023,21.69,22.08,20.81,21.26
13/02/2023,21.54,22.05,20.96,21.79
14/02/2023,21.58,23.05,21.37,22.97
15/02/2023,22.55,22.85,22.11,22.76
16/02/2023,22.13,22.55,21.93,22
17/02/2023,21.63,21.74,20.98,21.39
21/02/2023,21,21.49,20.62,20.66
22/02/2023,20.71,21.1,20.42,20.75
23/02/2023,23.44,23.89,23.02,23.66
24/02/2023,23.23,23.47,22.95,23.29
27/02/2023,23.67,23.88,23.45,23.5
28/02/2023,23.37,23.83,23.21,23.22
01/03/2023,23.19,23.26,22.51,22.7
02/03/2023,22.49,23.38,22.43,23.31
03/03/2023,23.32,23.9,23.13,23.89
06/03/2023,23.89,24.25,23.49,23.55
07/03/2023,23.6,24.13,23.24,23.29
08/03/2023,23.49,24.2,23.42,24.18
09/03/2023,24.17,24.45,23.38,23.44
10/03/2023,23.41,23.63,22.73,22.97
13/03/2023,22.75,23.3,22.3,22.97
14/03/2023,23.5,24.22,23.46,24.06
15/03/2023,23.76,24.29,23.36,24.23
16/03/2023,24.03,25.59,23.89,25.54
17/03/2023,25.98,26.4,25.67,25.73
20/03/2023,25.61,26.02,25.13,25.9
21/03/2023,26.18,26.39,25.38,26.2
22/03/2023,26.42,27.59,26.24,26.47
23/03/2023,27.11,27.5,26.69,27.19
24/03/2023,27.03,27.17,26.35,26.78
27/03/2023,26.84,27,26.36,26.53
28/03/2023,26.45,26.51,25.85,26.41
29/03/2023,26.83,27.08,26.6,26.98
30/03/2023,27.23,27.5,27.1,27.38
31/03/2023,27.14,27.83,27.1,27.78
03/04/2023,27.51,28,27.34,27.97
04/04/2023,27.97,28,27.31,27.45
05/04/2023,26.83,27,26.4,26.88
06/04/2023,26.58,27.08,26.43,27.04
10/04/2023,26.82,27.62,26.67,27.58
11/04/2023,27.72,27.79,27.13,27.17
12/04/2023,27.37,27.47,26.45,26.5
13/04/2023,26.73,26.89,26.33,26.46
14/04/2023,26.5,26.88,26.22,26.76
17/04/2023,26.57,27.01,26.43,27
18/04/2023,27.53,28.11,27.36,27.67
19/04/2023,27.36,28,27.23,27.93
20/04/2023,27.67,28.03,27,27.1
21/04/2023,26.95,27.18,26.72,27.12
24/04/2023,27.01,27.37,26.67,27.04
25/04/2023,27.08,27.25,26.23,26.24
26/04/2023,27,27.33,26.7,26.96
27/04/2023,27.36,27.5,26.63,27.23
28/04/2023,27.23,27.76,27.07,27.75
01/05/2023,27.84,29.06,27.78,28.91
02/05/2023,28.68,28.84,28.08,28.21
03/05/2023,27.84,28.37,27.47,27.8
04/05/2023,27.65,27.86,27.24,27.56
05/05/2023,27.83,28.75,27.73,28.68
08/05/2023,28.52,29.22,28.35,29.15
09/05/2023,28.9,28.97,28.45,28.57
10/05/2023,29,29.11,28.46,28.89
11/05/2023,28.9,28.95,28.25,28.58
12/05/2023,28.53,28.78,28.05,28.34
15/05/2023,28.51,28.97,28.15,28.95
16/05/2023,28.84,29.87,28.83,29.21
17/05/2023,29.58,30.2,29.43,30.18
18/05/2023,30.41,31.83,30.32,31.68
19/05/2023,31.54,31.58,30.92,31.26
22/05/2023,30.9,31.52,30.68,31.18
23/05/2023,31,31.29,30.63,30.69
24/05/2023,30.21,30.61,29.81,30.54
25/05/2023,38.52,39.48,36.63,37.98
26/05/2023,37.89,39.17,37.55,38.95
30/05/2023,40.6,41.94,39.95,40.11
31/05/2023,39.49,40.29,37.82,37.83
01/06/2023,38.49,40.05,38.34,39.77
02/06/2023,40.1,40.5,39.06,39.33
05/06/2023,38.91,39.56,38.71,39.17
06/06/2023,38.83,39.16,38.15,38.65
07/06/2023,38.92,39.5,37.36,37.47
08/06/2023,37.72,38.86,37.51,38.51
09/06/2023,39.04,39.71,38.57,38.77
12/06/2023,39.2,39.53,38.62,39.48
13/06/2023,40.19,41.1,39.74,41.02
14/06/2023,40.82,43,40.55,43
15/06/2023,42.6,43.29,42.15,42.65
16/06/2023,43.45,43.72,42.66,42.69
20/06/2023,43,43.99,42.67,43.81
21/06/2023,43.5,43.62,42.08,43.04
22/06/2023,42.25,43.43,42.23,43.03
23/06/2023,42.46,42.81,42.01,42.21
26/06/2023,42.46,42.76,40.1,40.63
27/06/2023,40.8,41.94,40.45,41.88
28/06/2023,40.66,41.85,40.52,41.12
29/06/2023,41.56,41.6,40.6,40.82
30/06/2023,41.68,42.55,41.5,42.3
03/07/2023,42.52,42.9,42.2,42.41
05/07/2023,42.13,43.18,42.08,42.32
06/07/2023,41.84,42.18,41.35,42.1
07/07/2023,42.32,43.21,42.18,42.5
10/07/2023,42.66,42.81,41.65,42.18
11/07/2023,42.48,42.76,42.07,42.4
12/07/2023,43.03,43.94,42.78,43.9
13/07/2023,44.52,46.15,44.49,45.98
14/07/2023,46.58,48.09,45.06,45.47
17/07/2023,46.29,46.5,45.26,46.46
18/07/2023,46.7,47.9,45.73,47.49
19/07/2023,47.46,47.82,46.74,47.08
20/07/2023,46.51,47.09,45.06,45.52
21/07/2023,45.79,45.87,44.1,44.31
24/07/2023,44.73,45.11,44.04,44.61
25/07/2023,44.94,46.18,44.92,45.68
26/07/2023,46.02,46.05,44.63,45.45
27/07/2023,46.52,47.4,45.75,45.9
28/07/2023,46.67,47.03,46.38,46.75
31/07/2023,46.75,47.13,46.51,46.73
01/08/2023,46.46,46.9,46.03,46.51
02/08/2023,45.83,45.84,43.39,44.27
03/08/2023,43.8,45.12,43.8,44.51
04/08/2023,44.99,45.64,44.39,44.68
07/08/2023,45.11,45.54,44.56,45.42
08/08/2023,44.85,45.24,44.06,44.66
09/08/2023,44.27,44.31,42.13,42.55
10/08/2023,42.16,43.57,41.83,42.39
11/08/2023,41.75,42.02,40.64,40.85
14/08/2023,40.49,43.8,40.31,43.75
15/08/2023,44.56,45.27,43.71,43.94
16/08/2023,44.52,44.67,43.41,43.49
17/08/2023,43.97,44.06,43,43.34
18/08/2023,42.63,43.58,41.66,43.3
21/08/2023,44.49,47.06,44.22,46.97
22/08/2023,48.13,48.19,45.33,45.67
23/08/2023,45.87,47.2,45.21,47.12
24/08/2023,50.22,50.27,47.16,47.16
25/08/2023,47.01,47.81,45.02,46.02
28/08/2023,46.48,46.98,44.89,46.83
29/08/2023,46.67,49.08,46.39,48.78
30/08/2023,49.04,49.93,48.42,49.26
31/08/2023,49.38,49.74,48.96,49.35
01/09/2023,49.76,49.8,48.14,48.51
05/09/2023,48.22,48.85,47.86,48.55
06/09/2023,48.44,48.55,46.58,47.06
07/09/2023,45.53,46.34,45.15,46.24
08/09/2023,45.94,46.61,45.27,45.57
11/09/2023,46.15,46.16,44.31,45.18
12/09/2023,44.74,45.67,44.53,44.87
13/09/2023,44.6,45.93,44.5,45.49
14/09/2023,45.95,45.99,45.13,45.58
15/09/2023,45.34,45.6,43.81,43.9
18/09/2023,42.75,44.24,42,43.97
19/09/2023,43.83,43.97,43,43.52
20/09/2023,43.6,43.9,42.22,42.24
21/09/2023,41.58,42.1,40.98,41.02
22/09/2023,41.57,42.12,41.23,41.61
25/09/2023,41.59,42.54,41.18,42.22
26/09/2023,42,42.82,41.65,41.91
27/09/2023,42.33,42.87,41.63,42.47
28/09/2023,42.46,43.45,42.12,43.09
29/09/2023,43.83,44.14,43.31,43.5
02/10/2023,44.03,45.17,43.86,44.78
03/10/2023,44.81,45.13,43.25,43.52
04/10/2023,43.74,44.14,43.29,44.04
05/10/2023,44.05,44.9,43.89,44.69
06/10/2023,44.19,45.79,44.03,45.76
09/10/2023,44.84,45.6,44.37,45.27
10/10/2023,45.31,46.26,45.09,45.8
11/10/2023,46.2,46.86,46.05,46.81
12/10/2023,46.78,47.61,46.33,46.94
13/10/2023,46.96,47.12,45.28,45.46
16/10/2023,45.06,46.22,44.91,46.1
17/10/2023,44,44.75,42.48,43.94
18/10/2023,42.59,43.22,41.83,42.2
19/10/2023,42.81,43.3,41.88,42.1
20/10/2023,41.89,42.47,41.08,41.39
23/10/2023,41.23,43.25,40.94,42.97
24/10/2023,43.08,43.7,42.69,43.66
25/10/2023,43.4,43.65,41.56,41.78
26/10/2023,41.85,42.26,39.88,40.33
27/10/2023,41.13,41.21,40.01,40.5
30/10/2023,41.09,41.77,40.48,41.16
31/10/2023,40.45,40.88,39.23,40.78
01/11/2023,40.88,42.38,40.87,42.33
02/11/2023,43.33,43.88,42.89,43.51
03/11/2023,44.02,45.31,43.72,45.01
06/11/2023,45.28,45.94,44.9,45.75
07/11/2023,45.72,46.22,45.16,45.96
08/11/2023,46.1,46.87,45.97,46.57
09/11/2023,47.47,48.23,46.75,46.95
10/11/2023,47.5,48.47,47.28,48.33
13/11/2023,48.32,49.12,48.1,48.62
14/11/2023,49.68,49.83,49.04,49.66
15/11/2023,49.94,49.96,48.2,48.89
16/11/2023,48.68,49.53,48.33,49.48
17/11/2023,49.52,49.72,49.01,49.3
20/11/2023,49.31,50.55,49.18,50.41
21/11/2023,50.13,50.52,49.22,49.94
22/11/2023,49.85,50.33,47.69,48.72
24/11/2023,48.47,48.92,47.74,47.78
27/11/2023,47.8,48.53,47.65,48.24
28/11/2023,48.24,48.32,47.47,47.82
29/11/2023,48.38,48.76,47.86,48.14
30/11/2023,48.02,48.11,46.42,46.77
01/12/2023,46.53,47.2,46.19,46.76
04/12/2023,46.08,46.08,45.01,45.51
05/12/2023,45.47,46.6,45.27,46.57
06/12/2023,47.22,47.39,45.41,45.5
07/12/2023,45.7,46.63,45.6,46.6
08/12/2023,46.6,47.74,46.55,47.51
11/12/2023,47.49,47.53,45.83,46.63
12/12/2023,46.05,47.67,46.05,47.66
13/12/2023,47.63,48.59,47.61,48.09
14/12/2023,48.39,48.67,47.42,48.35
15/12/2023,48.19,49.4,48.12,48.89
18/12/2023,49.4,50.43,49.15,50.08
19/12/2023,49.42,49.7,48.9,49.6
20/12/2023,49.65,50,48.1,48.11
21/12/2023,48.81,49.1,48.42,48.99
22/12/2023,49.19,49.38,48.47,48.83
26/12/2023,48.97,49.6,48.96,49.28
27/12/2023,49.51,49.68,49.08,49.42
28/12/2023,49.64,49.88,49.41,49.52
29/12/2023,49.81,50,48.75,49.52
02/01/2024,49.24,49.29,47.6,48.17
03/01/2024,47.49,48.18,47.32,47.57
04/01/2024,47.77,48.5,47.51,48
05/01/2024,48.46,49.55,48.31,49.1
08/01/2024,49.51,52.28,49.48,52.25
09/01/2024,52.4,54.33,51.69,53.14
10/01/2024,53.62,54.6,53.49,54.35
11/01/2024,55,55.35,53.56,54.82
12/01/2024,54.62,54.97,54.33,54.71
16/01/2024,55.02,56.83,54.9,56.38
17/01/2024,56.35,56.47,54.74,56.05
18/01/2024,57.26,57.6,56.11,57.11
19/01/2024,57.99,59.5,57.22,59.49
22/01/2024,60.05,60.33,59.07,59.65
23/01/2024,59.57,59.91,58.58,59.87
24/01/2024,60.3,62.85,59.94,61.36
25/01/2024,62.35,62.72,60.85,61.62
26/01/2024,60.96,61.78,60.57,61.03
29/01/2024,61.23,62.49,60.91,62.47
30/01/2024,62.9,63.49,62.26,62.77
31/01/2024,61.44,62.27,60.7,61.53
01/02/2024,62.1,63.19,61.65,63.03
02/02/2024,63.97,66.6,63.69,66.16
05/02/2024,68.22,69.5,67.21,69.33
06/02/2024,69.63,69.75,66.3,68.22
07/02/2024,68.32,70.22,67.6,70.1
08/02/2024,70.07,70.79,69.46,69.64
09/02/2024,70.53,72.18,70.21,72.13
12/02/2024,72.6,74.61,71.25,72.25
13/02/2024,70.4,73.45,69.62,72.13
14/02/2024,73.2,74.24,71.94,73.9
15/02/2024,73.87,73.97,72.4,72.66
16/02/2024,74.1,74.4,72.5,72.61
20/02/2024,71.95,71.96,67.73,69.45
21/02/2024,68.01,68.89,66.25,67.47
22/02/2024,75.03,78.57,74.22,78.54
23/02/2024,80.79,82.39,77.57,78.82
26/02/2024,79.7,80.65,78.5,79.09
27/02/2024,79.38,79.48,77.16,78.7
28/02/2024,77.62,78.93,77.13,77.66
29/02/2024,79.09,79.99,78.35,79.11
01/03/2024,80,82.3,79.43,82.28
04/03/2024,84.13,87.69,83.72,85.24
05/03/2024,85.27,86.1,83.42,85.96
06/03/2024,88.02,89.72,87.03,88.7
07/03/2024,90.16,92.77,89.6,92.67
08/03/2024,95.14,97.4,86.51,87.53
11/03/2024,86.43,88.8,84.17,85.77
12/03/2024,88.05,91.96,86.15,91.91
13/03/2024,91.06,91.5,88.43,90.89
14/03/2024,89.58,90.65,86.6,87.94
15/03/2024,86.93,89.55,86.26,87.84
18/03/2024,90.39,92.4,87.08,88.46
19/03/2024,86.7,90.54,85.01,89.4
20/03/2024,89.8,90.41,88.22,90.37
21/03/2024,92.3,92.65,90.4,91.43
22/03/2024,91.14,94.78,90.83,94.29
25/03/2024,93.94,96.77,93.51,95
26/03/2024,95.85,96.38,92.5,92.56
27/03/2024,93.11,93.24,89.12,90.25
28/03/2024,90,91.3,89.19,90.36
01/04/2024,90.3,92.22,89.2,90.36
02/04/2024,88.45,90.09,87.62,89.45
03/04/2024,88.48,90.37,88.4,88.96
04/04/2024,90.41,90.63,85.88,85.9
05/04/2024,86.87,88.48,85.93,88.01
08/04/2024,88.7,88.83,86.73,87.13
09/04/2024,87.44,87.64,83.02,85.35
10/04/2024,83.93,87.4,83.71,87.04
11/04/2024,87.42,90.74,86.93,90.62
12/04/2024,89.7,90.18,87.53,88.19
15/04/2024,89.1,90.61,85.93,86
16/04/2024,86.43,88.12,86.06,87.42
17/04/2024,88.34,88.78,83.95,84.04
18/04/2024,84.97,86.19,82.4,84.67
19/04/2024,83.15,84.32,75.61,76.2
22/04/2024,78.1,80.07,76.4,79.52
23/04/2024,80.77,82.77,80.26,82.42
24/04/2024,83.95,84.08,79.18,79.68
25/04/2024,78.87,83.32,78.22,82.63
26/04/2024,83.82,88.33,83.39,87.74
29/04/2024,87.6,87.99,85.27,87.76
30/04/2024,87.24,88.82,86.3,86.4
01/05/2024,85.08,86,81.25,83.04
02/05/2024,84.45,86.24,83.2,85.82
03/05/2024,87.79,89.28,87.04,88.79
06/05/2024,89.39,92.22,89.06,92.14
07/05/2024,91.1,91.78,89.01,90.55
08/05/2024,89.48,91.19,89.42,90.41
09/05/2024,90.53,91.07,88.23,88.75
10/05/2024,90.31,91.4,89.23,89.88
13/05/2024,90.48,91,88.53,90.4
14/05/2024,89.6,91.65,88.93,91.36
15/05/2024,92.47,94.86,91.6,94.63
16/05/2024,94.91,95.82,94.1,94.36
17/05/2024,94.37,94.74,91.81,92.48
20/05/2024,93.75,95.2,93.44,94.78
21/05/2024,93.6,95.4,93.18,95.39
22/05/2024,95.46,96.02,93.25,94.95
23/05/2024,102.03,106.32,101.52,103.8
24/05/2024,104.45,106.47,103,106.47
28/05/2024,110.24,114.94,109.88,113.9
29/05/2024,113.05,115.49,110.9,114.82
30/05/2024,114.65,115.82,109.66,110.5
31/05/2024,112.52,112.72,106.94,109.63
03/06/2024,113.62,115,112,115
04/06/2024,115.72,116.6,114.04,116.44
05/06/2024,118.37,122.45,117.47,122.44
06/06/2024,124.05,125.59,118.32,121
07/06/2024,119.77,121.69,118.02,120.89
10/06/2024,120.37,123.1,117.01,121.79
11/06/2024,121.77,122.87,118.74,120.91
12/06/2024,123.06,126.88,122.57,125.2
13/06/2024,129.39,129.8,127.16,129.61
14/06/2024,129.96,132.84,128.32,131.88
17/06/2024,132.99,133.73,129.58,130.98
18/06/2024,131.14,136.33,130.69,135.58
20/06/2024,139.8,140.76,129.52,130.78
21/06/2024,127.12,130.63,124.3,126.57
24/06/2024,123.24,124.46,118.04,118.11
25/06/2024,121.2,126.5,119.32,126.09
26/06/2024,126.13,128.12,122.6,126.4
27/06/2024,124.1,126.41,122.92,123.99
28/06/2024,124.58,127.71,122.75,123.54
01/07/2024,123.47,124.84,118.83,124.3
02/07/2024,121.13,123.41,121.03,122.67
03/07/2024,121.66,128.28,121.36,128.28
05/07/2024,127.38,128.85,125.68,125.83
08/07/2024,127.49,130.77,127.04,128.2
09/07/2024,130.35,133.82,128.65,131.38
10/07/2024,134.03,135.1,132.42,134.91
11/07/2024,135.75,136.15,127.05,127.4
12/07/2024,128.26,131.92,127.22,129.24
15/07/2024,130.56,131.39,127.18,128.44
16/07/2024,128.44,129.04,124.58,126.36
17/07/2024,121.35,121.85,116.72,117.99
18/07/2024,121.85,122.4,116.56,121.09
19/07/2024,120.35,121.6,117.37,117.93
22/07/2024,120.35,124.07,119.86,123.54
23/07/2024,122.78,124.69,122.1,122.59
24/07/2024,119.17,119.95,113.44,114.25
25/07/2024,113.04,116.63,106.3,112.28
26/07/2024,116.19,116.2,111.58,113.06
29/07/2024,113.69,116.28,111.3,111.59
30/07/2024,111.52,111.99,102.54,103.73
31/07/2024,112.9,118.34,110.88,117.02
01/08/2024,117.53,120.16,106.81,109.21
02/08/2024,103.76,108.72,101.37,107.27
05/08/2024,92.06,103.41,90.69,100.45
06/08/2024,103.84,107.71,100.55,104.25
07/08/2024,107.81,108.8,98.69,98.91
08/08/2024,102,105.5,97.52,104.97
09/08/2024,105.64,106.6,103.43,104.75
12/08/2024,106.32,111.07,106.26,109.02
13/08/2024,112.44,116.23,111.58,116.14
14/08/2024,118.53,118.6,114.07,118.08
15/08/2024,118.76,123.24,117.47,122.86
16/08/2024,121.94,125,121.18,124.58
19/08/2024,124.28,130,123.42,130
20/08/2024,128.4,129.88,125.89,127.25
21/08/2024,127.32,129.35,126.66,128.5
22/08/2024,130.02,130.75,123.1,123.74
23/08/2024,125.86,129.6,125.22,129.37
26/08/2024,129.57,131.26,124.37,126.46
27/08/2024,125.05,129.2,123.88,128.3
28/08/2024,128.12,128.33,122.64,125.61
29/08/2024,121.36,124.43,116.71,117.59
30/08/2024,119.53,121.75,117.22,119.37
03/09/2024,116.01,116.21,107.29,108
04/09/2024,105.41,113.27,104.12,106.21
05/09/2024,104.99,109.65,104.76,107.21
06/09/2024,108.04,108.15,100.95,102.83
09/09/2024,104.88,106.55,103.69,106.47
10/09/2024,107.81,109.4,104.95,108.1
11/09/2024,109.39,117.19,107.42,116.91
12/09/2024,116.84,120.79,115.38,119.14
13/09/2024,119.08,119.96,117.6,119.1
16/09/2024,116.79,118.18,114.36,116.78
17/09/2024,118.17,118.8,114.83,115.59
18/09/2024,115.89,117.7,113.22,113.37
19/09/2024,117.35,119.66,117.25,117.87
20/09/2024,117.06,118.62,115.39,116
23/09/2024,116.55,116.99,114.86,116.26
24/09/2024,116.52,121.8,115.38,120.87
25/09/2024,122.02,124.94,121.61,123.51
26/09/2024,126.8,127.67,121.8,124.04
27/09/2024,123.97,124.03,119.26,121.4
30/09/2024,118.31,121.5,118.15,121.44
01/10/2024,121.77,122.44,115.79,117
02/10/2024,116.44,119.38,115.14,118.85
03/10/2024,120.92,124.36,120.34,122.85
04/10/2024,124.94,125.04,121.83,124.92
07/10/2024,124.99,130.64,124.95,127.72
08/10/2024,130.26,133.48,129.42,132.89
09/10/2024,134.11,134.52,131.38,132.65
10/10/2024,131.91,135,131,134.81
11/10/2024,134.01,135.78,133.66,134.8
14/10/2024,136.47,139.6,136.3,138.07
15/10/2024,137.87,138.57,128.74,131.6
16/10/2024,133.98,136.62,131.58,135.72
17/10/2024,139.34,140.89,136.87,136.93
18/10/2024,138.67,138.9,137.28,138
21/10/2024,138.13,143.71,138,143.71
22/10/2024,142.91,144.42,141.78,143.59
23/10/2024,142.03,142.43,137.46,139.56
24/10/2024,140.82,141.35,138.46,140.41
25/10/2024,140.93,144.13,140.8,141.54
28/10/2024,143,143.14,140.05,140.52
29/10/2024,140.29,142.26,138.9,141.25
30/10/2024,139.54,140.33,136.81,139.34
31/10/2024,137.6,137.61,132.11,132.76
01/11/2024,134.7,137.31,134.57,135.4
04/11/2024,137.21,138.96,135.57,136.05
05/11/2024,137.45,140.37,137.33,139.91
06/11/2024,142.96,146.49,141.96,145.61
07/11/2024,146.39,148.93,146.17,148.88
08/11/2024,148.77,149.77,146.26,147.63
11/11/2024,148.68,148.85,143.57,145.26
12/11/2024,146.78,149.65,146.01,148.29
13/11/2024,149.07,149.33,145.9,146.27
14/11/2024,147.64,149,145.55,146.76
15/11/2024,144.87,145.24,140.08,141.98
18/11/2024,139.5,141.55,137.15,140.15
19/11/2024,141.32,147.13,140.99,147.01
20/11/2024,147.41,147.56,142.73,145.89
21/11/2024,149.35,152.89,140.7,146.67
22/11/2024,145.93,147.16,141.1,141.95
25/11/2024,141.99,142.05,135.82,136.02
26/11/2024,137.7,139.3,135.67,136.92
27/11/2024,135.01,137.22,131.8,135.34
29/11/2024,136.78,139.35,136.05,138.25
02/12/2024,138.83,140.45,137.82,138.63
03/12/2024,138.26,140.54,137.95,140.26
04/12/2024,142,145.79,140.29,145.14
05/12/2024,145.11,146.54,143.95,145.06
06/12/2024,144.6,145.7,141.31,142.44
09/12/2024,138.97,139.95,137.13,138.81
10/12/2024,139.01,141.82,133.79,135.07
11/12/2024,137.36,140.17,135.21,139.31
12/12/2024,137.08,138.44,135.8,137.34
13/12/2024,138.94,139.6,132.54,134.25
16/12/2024,134.18,134.4,130.42,132
17/12/2024,129.09,131.59,126.86,130.39
18/12/2024,133.86,136.7,128.28,128.91
19/12/2024,131.76,134.03,129.55,130.68
20/12/2024,129.81,135.28,128.22,134.7
23/12/2024,136.28,139.79,135.12,139.67
24/12/2024,140,141.9,138.65,140.22
26/12/2024,139.7,140.85,137.73,139.93
27/12/2024,138.55,139.02,134.71,137.01
30/12/2024,134.83,140.27,134.02,137.49
31/12/2024,138.03,138.07,133.83,134.29
02/01/2025,136,138.88,134.63,138.31
03/01/2025,140.01,144.9,139.73,144.47
06/01/2025,148.59,152.16,147.82,149.43
07/01/2025,153.03,153.13,140.01,140.14
08/01/2025,142.58,143.95,137.56,140.11
10/01/2025,137.45,139.92,134.22,135.91
13/01/2025,129.99,133.49,129.51,133.23
14/01/2025,136.05,136.38,130.05,131.76
15/01/2025,133.65,136.45,131.29,136.24
16/01/2025,138.64,138.75,133.49,133.57
17/01/2025,136.69,138.5,135.46,137.71
21/01/2025,139.16,141.83,137.09,140.83
22/01/2025,144.66,147.79,143.67,147.07
23/01/2025,145.05,147.23,143.72,147.22
24/01/2025,148.37,148.97,141.88,142.62
27/01/2025,124.8,128.4,116.7,118.42
28/01/2025,121.81,129,116.25,128.99
29/01/2025,126.5,126.89,120.05,123.7
30/01/2025,123.1,125,118.1,124.65
31/01/2025,123.78,127.85,119.19,120.07
03/02/2025,114.75,118.57,113.01,116.66
04/02/2025,116.96,121.2,116.7,118.65
05/02/2025,121.76,125,120.76,124.83
06/02/2025,127.42,128.77,125.21,128.68
07/02/2025,129.22,130.37,125,129.84
10/02/2025,130.09,135,129.96,133.57
11/02/2025,132.58,134.48,131.02,132.8
12/02/2025,130.02,132.24,129.08,131.14
13/02/2025,131.56,136.5,131.17,135.29
14/02/2025,136.48,139.25,135.5,138.85
18/02/2025,141.27,143.44,137.93,139.4
19/02/2025,139.51,141.36,137.22,139.23
20/02/2025,140.03,140.66,136.79,140.11
21/02/2025,140.04,141.46,134.03,134.43
24/02/2025,136.56,138.59,130.08,130.28
25/02/2025,129.98,130.2,124.44,126.63
26/02/2025,129.99,133.73,128.49,131.28
27/02/2025,135,135.01,120.01,120.15
28/02/2025,118.02,125.09,116.4,124.92
03/03/2025,123.51,123.7,112.28,114.06
04/03/2025,110.65,119.31,110.11,115.99
05/03/2025,117.58,118.28,114.51,117.3
06/03/2025,113.53,115.35,110.22,110.57
07/03/2025,111.25,113.48,107.56,112.69
10/03/2025,109.9,111.85,105.46,106.98
11/03/2025,106.99,112.24,104.77,108.76
12/03/2025,114.12,116.76,112.88,115.74
13/03/2025,117.03,117.76,113.79,115.58
14/03/2025,118.61,121.88,118.15,121.67
17/03/2025,122.74,122.89,118.03,119.53
18/03/2025,118,119.02,114.54,115.43
19/03/2025,117.27,120.45,115.68,117.52
20/03/2025,116.55,120.2,116.47,118.53
21/03/2025,116.94,117.99,115.42,117.7
24/03/2025,119.88,122.22,119.34,121.41
25/03/2025,120.55,121.29,118.92,120.69
26/03/2025,118.73,118.84,112.71,113.76
27/03/2025,111.35,114.45,110.66,111.43
28/03/2025,111.49,112.87,109.07,109.67
31/03/2025,105.13,110.96,103.65,108.38
01/04/2025,108.52,110.2,106.47,110.15
02/04/2025,107.29,111.98,106.79,110.42
03/04/2025,103.51,105.63,101.6,101.8
04/04/2025,98.91,100.13,92.11,94.31
07/04/2025,87.46,101.75,86.62,97.64
08/04/2025,103.81,105.85,94.46,96.3
09/04/2025,98.89,115.1,97.53,114.33
10/04/2025,109.37,110.86,99.15,107.57
11/04/2025,108.5,111.55,107.48,110.93
14/04/2025,114.11,114.29,109.07,110.71
15/04/2025,110.97,113.62,110.5,112.2
16/04/2025,104.55,106.79,100.45,104.49
17/04/2025,104.45,104.47,100.05,101.49
21/04/2025,98.77,99.44,95.04,96.91
22/04/2025,98.78,99.81,97.28,98.89
23/04/2025,104.52,104.8,102.02,102.71
24/04/2025,103.48,106.54,103.11,106.43
25/04/2025,106.85,111.92,105.73,111.01
28/04/2025,109.69,110.37,106.02,108.73
29/04/2025,107.67,110.2,107.44,109.02
30/04/2025,104.47,108.92,104.08,108.92
01/05/2025,113.08,114.94,111.3,111.61
02/05/2025,114.18,115.4,113.37,114.5
05/05/2025,112.91,114.67,112.66,113.82
06/05/2025,111.48,114.74,110.82,113.54
07/05/2025,113.05,117.68,112.28,117.06
08/05/2025,118.25,118.68,115.85,117.37
09/05/2025,117.35,118.23,115.21,116.65
12/05/2025,121.97,123,120.28,123
13/05/2025,124.98,131.22,124.47,129.93
14/05/2025,133.2,135.44,131.68,135.34
15/05/2025,134.29,136.3,132.66,134.83
16/05/2025,136.22,136.35,133.46,135.4
19/05/2025,132.39,135.87,132.39,135.57
20/05/2025,134.29,134.58,132.62,134.38
21/05/2025,133.06,137.4,130.59,131.8
22/05/2025,132.23,134.25,131.55,132.83
23/05/2025,130,132.68,129.16,131.29
27/05/2025,134.15,135.66,133.31,135.5
28/05/2025,136.03,137.25,134.79,134.81
29/05/2025,142.25,143.49,137.91,139.19
30/05/2025,138.72,139.62,132.92,135.13
02/06/2025,135.49,138.12,135.4,137.38
03/06/2025,138.78,142,137.95,141.22
04/06/2025,142.19,142.39,139.54,141.92
05/06/2025,142.17,144,138.83,139.99
06/06/2025,142.51,143.27,141.51,141.72
09/06/2025,143.19,145,141.94,142.63
10/06/2025,142.69,144.29,141.53,143.96
11/06/2025,144.61,144.99,141.87,142.83
12/06/2025,141.97,145,141.85,145
13/06/2025,142.48,143.58,140.85,141.97
16/06/2025,143.35,146.18,143.2,144.69
17/06/2025,144.49,145.22,143.78,144.12
18/06/2025,144.01,145.65,143.12,145.48
20/06/2025,145.45,146.2,142.65,143.85
23/06/2025,142.5,144.78,142.03,144.17
24/06/2025,145.56,147.96,145.5,147.9
25/06/2025,149.27,154.45,149.26,154.31
26/06/2025,155.98,156.72,154,155.02
27/06/2025,156.04,158.71,155.26,157.75
30/06/2025,158.4,158.66,155.96,157.99
01/07/2025,156.29,157.2,151.49,153.3
02/07/2025,152.98,157.6,152.97,157.25
03/07/2025,158.37,160.98,157.77,159.34
07/07/2025,158.2,159.31,157.34,158.24
08/07/2025,159.33,160.22,158.39,160
09/07/2025,161.22,164.42,161.16,162.88
10/07/2025,164.32,164.5,161.61,164.1
11/07/2025,163.72,167.89,163.47,164.92
14/07/2025,165.37,165.49,162.02,164.07
15/07/2025,171.19,172.4,169.2,170.7
16/07/2025,171.06,171.75,168.9,171.37
17/07/2025,172.02,174.16,170.83,173
18/07/2025,173.64,174.25,171.26,172.41
21/07/2025,172.75,173.38,171,171.38
22/07/2025,171.34,171.39,164.58,167.03
23/07/2025,169.53,171.26,167.97,170.78
24/07/2025,172.44,173.83,171.3,173.74
25/07/2025,173.61,174.72,172.96,173.5
28/07/2025,174.02,177,173.97,176.75
29/07/2025,177.96,179.38,175.02,175.51
30/07/2025,176.51,179.89,176.04,179.27
31/07/2025,182.9,183.3,175.93,177.87
01/08/2025,174.09,176.54,170.89,173.72
04/08/2025,175.16,180.2,174.52,180
05/08/2025,179.62,180.26,175.9,178.26
06/08/2025,176.33,179.9,176.25,179.42
07/08/2025,181.57,183.88,178.8,180.77
08/08/2025,181.55,183.3,180.4,182.7
11/08/2025,182.05,183.84,180.25,182.06
12/08/2025,182.96,184.48,179.46,183.16
13/08/2025,182.62,183.97,179.35,181.59
14/08/2025,179.75,183.02,179.46,182.02
15/08/2025,181.88,181.9,178.04,180.45
18/08/2025,180.6,182.94,180.59,182.01
19/08/2025,182.43,182.5,175.49,175.64
20/08/2025,175.17,176,168.8,175.4
21/08/2025,174.85,176.9,173.81,174.98
22/08/2025,172.61,178.59,171.2,177.99
25/08/2025,178.35,181.91,176.57,179.81
26/08/2025,180.06,182.39,178.81,181.77
27/08/2025,181.98,182.49,179.1,181.6
28/08/2025,180.82,184.47,176.41,180.17
29/08/2025,178.11,178.15,173.15,174.18
02/09/2025,170,172.38,167.22,170.78
03/09/2025,171.06,172.41,168.88,170.62
04/09/2025,170.57,171.86,169.41,171.66
05/09/2025,168.03,169.03,164.07,167.02
08/09/2025,167.55,170.96,167.35,168.31
09/09/2025,169.09,170.98,166.74,170.76
10/09/2025,176.64,179.29,175.47,177.33
11/09/2025,179.68,180.28,176.48,177.17
12/09/2025,177.77,178.6,176.45,177.82
15/09/2025,175.67,178.85,174.51,177.75
16/09/2025,177,177.5,174.38,174.88
17/09/2025,172.64,173.2,168.41,170.29
18/09/2025,173.98,177.1,172.96,176.24
19/09/2025,175.77,178.08,175.18,176.67
22/09/2025,175.3,184.55,174.71,183.61
23/09/2025,181.97,182.42,176.21,178.43
24/09/2025,179.77,179.78,175.4,176.97
25/09/2025,174.48,180.26,173.13,177.69
26/09/2025,178.17,179.77,174.93,178.19
29/09/2025,180.43,184,180.32,181.85
30/09/2025,182.08,187.35,181.48,186.58
01/10/2025,185.24,188.14,183.9,187.24
02/10/2025,189.6,191.05,188.06,188.89
03/10/2025,189.19,190.36,185.38,187.62
06/10/2025,185.5,187.23,183.33,185.54
07/10/2025,186.23,189.06,184,185.04
08/10/2025,186.57,189.6,186.54,189.11
09/10/2025,192.23,195.3,191.06,192.57
10/10/2025,193.51,195.62,182.05,183.16
13/10/2025,187.97,190.11,185.96,188.32
14/10/2025,184.77,184.8,179.7,180.03
15/10/2025,184.8,184.87,177.29,179.83
16/10/2025,182.23,183.28,179.77,181.81
17/10/2025,180.18,184.1,179.75,183.22
20/10/2025,183.13,185.2,181.73,182.64
21/10/2025,182.79,182.79,179.8,181.16
22/10/2025,181.14,183.44,176.76,180.28
23/10/2025,180.42,183.03,179.79,182.16
24/10/2025,183.84,187.47,183.5,186.26
27/10/2025,189.99,192,188.43,191.49
28/10/2025,193.05,203.15,191.91,201.03
29/10/2025,207.98,212.19,204.78,207.04
30/10/2025,205.15,206.16,201.41,202.89
31/10/2025,206.45,207.97,202.07,202.49
03/11/2025,208.08,211.34,205.56,206.88
04/11/2025,203,203.97,197.93,198.69
05/11/2025,198.77,202.92,194.65,195.21
06/11/2025,196.42,197.62,186.38,188.08
07/11/2025,184.9,188.32,178.91,188.15
10/11/2025,195.11,199.94,193.79,199.05
11/11/2025,195.16,195.42,191.3,193.16
12/11/2025,195.72,195.89,191.13,193.8
13/11/2025,191.05,191.44,183.85,186.86
14/11/2025,182.86,191.01,180.58,190.17
17/11/2025,185.97,189,184.32,186.6
18/11/2025,183.38,184.8,179.65,181.36
19/11/2025,184.79,187.86,182.83,186.52
20/11/2025,195.95,196,179.85,180.64
21/11/2025,181.24,184.56,172.93,178.88
24/11/2025,179.49,183.5,176.48,182.55
25/11/2025,174.91,178.16,169.55,177.82
26/11/2025,181.63,182.91,178.24,180.26
28/11/2025,179.01,179.29,176.5,177
01/12/2025,174.76,180.3,173.68,179.92
02/12/2025,181.76,185.66,180,181.46
03/12/2025,181.08,182.45,179.11,179.59
04/12/2025,181.62,184.52,179.96,183.38
05/12/2025,183.89,184.66,180.91,182.41
08/12/2025,182.64,188,182.4,185.55
09/12/2025,185.56,185.72,183.32,184.97
10/12/2025,184.97,185.48,182.04,183.78
11/12/2025,180.28,181.32,176.62,180.93
12/12/2025,181.11,182.82,174.62,175.02
15/12/2025,177.94,178.42,175.03,176.29
16/12/2025,176.26,178.49,174.9,177.72
17/12/2025,176.1,176.13,170.31,170.94
18/12/2025,174.53,176.15,171.82,174.14
19/12/2025,176.67,181.45,176.34,180.99
22/12/2025,183.92,184.16,182.35,183.69
23/12/2025,182.97,189.33,182.9,189.21
24/12/2025,187.94,188.91,186.59,188.61
26/12/2025,189.92,192.69,188,190.53
29/12/2025,187.71,188.76,185.91,188.22
30/12/2025,188.24,188.99,186.93,187.54
31/12/2025,189.57,190.56,186.49,186.5
02/01/2026,189.84,192.93,188.26,188.85
05/01/2026,191.76,193.63,186.15,188.12
06/01/2026,190.52,192.17,186.82,187.24
07/01/2026,188.57,191.37,186.56,189.11
08/01/2026,189.11,189.55,183.71,185.04
09/01/2026,185.08,186.34,183.67,184.86
12/01/2026,183.22,187.12,183.02,184.94
13/01/2026,185,188.11,183.4,185.81
14/01/2026,184.32,184.46,180.8,183.14
15/01/2026,186.5,189.7,186.33,187.05
16/01/2026,189.08,190.44,186.08,186.23
20/01/2026,181.9,182.38,177.61,178.07
21/01/2026,179.05,185.38,178.4,183.32
22/01/2026,184.75,186.17,183.93,184.84
23/01/2026,187.5,189.6,186.82,187.67
26/01/2026,187.16,189.12,185.99,186.47
27/01/2026,187.24,190,185.7,188.52
28/01/2026,191.27,192.35,189.84,191.52
29/01/2026,191.34,193.48,186.06,192.51
30/01/2026,191.21,194.49,189.47,191.13
02/02/2026,187.2,190.3,184.88,185.61
03/02/2026,186.24,186.27,176.23,180.34
04/02/2026,179.46,179.58,171.91,174.19
05/02/2026,174.93,176.82,171.03,171.88
06/02/2026,176.69,187,174.6,185.41
09/02/2026,184.26,193.66,183.95,190.04
10/02/2026,191.38,192.48,188.12,188.54
11/02/2026,192.45,193.26,188.77,190.05
12/02/2026,193.03,193.61,186.51,186.94
13/02/2026,187.48,187.5,181.59,182.81
17/02/2026,181.75,187.15,179.18,184.97
18/02/2026,188.75,190.37,186.76,187.98
19/02/2026,187.06,188.43,185.66,187.9
20/02/2026,186.57,190.33,185.94,189.82
23/02/2026,191.4,193.95,189.58,191.55
24/02/2026,191.49,193.77,187.4,192.85
25/02/2026,194.45,197.63,193.79,195.56
26/02/2026,194.27,194.29,184.32,184.89
27/02/2026,181.25,182.59,176.38,177.19
02/03/2026,175.01,183.46,174.64,182.48
03/03/2026,178.49,180.9,176.92,180.05
04/03/2026,180.44,184.7,180.06,183.04
05/03/2026,181.17,184.06,177.88,183.34
06/03/2026,179.84,182.76,176.82,177.82
09/03/2026,176.83,182.91,175.56,182.65
10/03/2026,182.4,186.44,182.01,184.77
11/03/2026,185.91,187.62,184.45,186.03
12/03/2026,184.05,184.94,181.75,183.14
13/03/2026,184.92,186.09,179.94,180.25
16/03/2026,182.97,188.88,181.41,183.22
17/03/2026,185.06,185.4,181.68,181.93
18/03/2026,182.48,183.38,180.33,180.4
19/03/2026,178.01,179.98,175.79,178.56
20/03/2026,178,178.26,171.72,172.7
23/03/2026,177.26,178.37,174.76,175.64
24/03/2026,174.83,176.22,173.98,175.2
25/03/2026,177.1,181.22,176.85,178.68
26/03/2026,176.07,176.51,171.14,171.24
27/03/2026,170,170.97,167.01,167.52
30/03/2026,168.78,169.45,164.27,165.17
31/03/2026,166.97,174.62,166.96,174.4
01/04/2026,176,177.37,174.75,175.75
02/04/2026,172.18,177.49,171.37,177.39
06/04/2026,177.16,177.79,175.76,177.64
07/04/2026,175.73,178.23,173.66,178.1
08/04/2026,184.5,185.26,180.3,182.08
09/04/2026,181.84,184.08,180.62,183.91
10/04/2026,184.31,190,184.3,188.63
13/04/2026,186.03,189.66,185.74,189.31
14/04/2026,190.84,196.51,190.77,196.51
15/04/2026,196.54,200.4,195.74,198.87
16/04/2026,197.43,199.85,195.81,198.35
17/04/2026,199.9,201.7,199.27,201.68
20/04/2026,199.98,202.17,197.84,202.06
21/04/2026,202.13,202.75,199,199.88
22/04/2026,200.99,202.5,199,202.5
23/04/2026,202.46,203.83,197.22,199.64
24/04/2026,199.96,210.95,199.81,208.27
27/04/2026,209.65,216.83,207.38,216.61
28/04/2026,209.49,214.73,208.2,213.17
29/04/2026,212.7,212.72,207.58,209.25
30/04/2026,209.93,210.3,198.7,199.57
01/05/2026,201.28,203,197.12,198.45
04/05/2026,199.5,201.73,194.74,198.48
05/05/2026,199.3,200.24,196.03,196.5
06/05/2026,199.89,208.27,198.61,207.83
07/05/2026,208.34,214.2,206.5,211.5
08/05/2026,213.03,217.8,212.89,215.2
11/05/2026,213.93,222.3,213.89,219.44
